Teacher ID,First Name,Last Name,Email,Phone,Specialization,Department ID,Hire Date
1,Mary,Valdez,jessica20@example.org,001-218-908-2684x3623,Cybersecurity,1,2008-12-01
2,Steven,Tucker,william52@example.org,700-275-9339x19344,Computer Science,3,2008-09-25
3,Hannah,Guerra,swarren@example.com,894.468.0953,AI & ML,1,2015-09-12
4,Donna,Kim,frankmartinez@example.net,(254)446-4660x725,Software Engineering,2,2016-05-03
5,Richard,Watts,gregorywood@example.com,6462331804,Cybersecurity,1,2014-09-19
6,Mark,Cochran,fordgeorge@example.net,+1-816-929-9478x303,Computer Science,2,2016-01-11
7,Donald,Chen,russelldavis@example.com,709-893-0479,Computer Science,1,2021-06-17
8,Cody,Smith,mooremariah@example.net,+1-393-737-3388x186,Computer Science,4,2016-09-23
9,Debra,Andrews,fbrock@example.org,+1-853-645-6511x971,AI & ML,2,2016-12-29
10,Andrew,Carroll,ginahunt@example.com,226-540-8163x32252,Physics,3,2024-05-12
11,Laura,Young,garcialauren@example.org,2915771112,Data Science,3,2016-03-26
12,David,Powell,jonesconnie@example.net,001-390-897-0848x57849,Mathematics,4,2016-03-19
13,Kathryn,Barber,amymartin@example.com,(879)436-6332x92001,Cybersecurity,3,2024-11-17
14,Gregory,Harrison,william96@example.com,001-333-232-6729,Cybersecurity,2,2018-07-12
15,Stephanie,Robles,dgonzales@example.org,(420)793-6043x257,Mechanical Engineering,1,2007-09-13
16,Krista,Butler,crojas@example.com,+1-929-917-2421,Data Science,4,2018-08-06
17,Danielle,Giles,cherylhodges@example.com,687-701-4942,Data Science,2,2012-02-28
18,Christine,Garcia,eterrell@example.org,215.905.2065,Cybersecurity,3,2007-07-29
19,Daniel,Wood,atanner@example.net,621.939.0097,Computer Science,4,2015-08-27
20,Kimberly,Sellers,welchamanda@example.net,(538)832-3187,Mechanical Engineering,3,2015-08-16
21,Donald,Huber,markbriggs@example.com,6327458901,Cybersecurity,4,2015-12-12
22,Joann,Bernard,gvasquez@example.org,001-282-537-5296x7394,Mathematics,4,2018-08-25
23,Michael,Combs,lewischristopher@example.org,+1-406-751-8988x02776,Data Science,1,2019-09-26
24,Ryan,Anderson,patricia28@example.org,943.328.8264x33386,Physics,3,2020-04-19
25,Megan,Alvarez,gregory80@example.org,(637)633-5171,Electronics,4,2009-08-12
26,Joseph,Lam,rrice@example.org,544.604.5193,Physics,1,2018-05-02
27,Ruth,Smith,patriciasanders@example.net,977-412-9722x9945,Mechanical Engineering,1,2018-12-06
28,Kelsey,Shaffer,tracy78@example.org,2492875455,Mechanical Engineering,1,2016-09-16
29,Christopher,Oneill,todd53@example.com,(304)681-6133x044,Physics,1,2006-09-11
30,Matthew,Young,abigail97@example.net,(940)414-3459x7101,Electronics,2,2023-01-30
31,Robert,Burgess,henrysellers@example.com,833-408-6432,Computer Science,2,2010-03-05
32,Krista,Miller,fmaynard@example.org,995-903-4214x20197,Mechanical Engineering,3,2011-02-21
33,Hayley,Jones,mcclureshannon@example.net,3789151045,Software Engineering,4,2005-08-09
34,Rachel,Martin,suzannebird@example.net,307-272-0134x185,Cybersecurity,1,2010-07-04
35,Matthew,Thomas,kylefry@example.com,+1-702-238-8417x88221,Data Science,1,2020-08-29
36,Harold,Rhodes,ojackson@example.org,876-744-1334,Data Science,3,2014-09-24
37,Gregory,Church,boltonmatthew@example.com,716.249.8821x6455,Cybersecurity,1,2022-05-10
38,Melissa,Marshall,wardalyssa@example.com,001-207-782-8104,Mechanical Engineering,4,2006-08-30
39,Heather,Osborne,jamessampson@example.com,4196331826,Mechanical Engineering,4,2011-11-15
40,Ryan,Huber,dfernandez@example.net,(603)349-4644x530,Cybersecurity,3,2010-07-22
41,Margaret,Smith,ymurphy@example.org,922.925.5840x041,Data Science,1,2011-07-07
42,Patricia,Brown,david84@example.org,215-272-8180x811,Electronics,4,2018-10-03
43,Kelsey,Tucker,anthonycharles@example.com,(706)446-5486x81594,Software Engineering,3,2008-12-28
44,Sandra,Williamson,jeffersonchelsea@example.com,2194376622,Computer Science,4,2012-07-01
45,Jacob,Hill,rachelwilliamson@example.net,001-528-435-6645,Mechanical Engineering,3,2020-11-13
46,Morgan,Ryan,ajefferson@example.org,317-694-1242x774,AI & ML,3,2016-11-16
47,Matthew,Watson,brittanyrobinson@example.com,649.735.7654,Electronics,4,2008-11-27
48,Ian,Hancock,kevingonzalez@example.net,576.533.1608x5469,Mechanical Engineering,1,2017-10-06
49,Ashley,Garcia,christian63@example.org,+1-832-308-6425x579,Software Engineering,3,2013-02-25
50,Barbara,Koch,shawjillian@example.com,428-535-0865x4962,Software Engineering,2,2021-04-21
51,James,Casey,jessica82@example.org,(793)584-1753x26800,Data Science,4,2022-12-25
52,Vickie,Gilmore,rmurray@example.net,906.250.2118x64399,Computer Science,3,2012-04-04
53,Andrew,Clements,dustinbarnes@example.net,(621)290-5231,Software Engineering,3,2005-02-16
54,Eric,Matthews,ljohnson@example.net,(734)637-5634,Physics,4,2021-06-08
55,Christopher,West,ysharp@example.net,533-801-2218,Electronics,2,2007-06-29
56,David,Garcia,ashleefitzgerald@example.com,001-874-557-1765,Cybersecurity,1,2017-11-17
57,Jeanette,Morris,tom05@example.net,(665)431-8719x2353,Physics,4,2012-10-02
58,Sean,Gibbs,rheath@example.org,+1-543-211-4437x00649,Computer Science,1,2021-09-10
59,Barbara,Romero,foleyjessica@example.com,437.346.1609x5137,Physics,3,2016-04-19
60,James,Gonzales,meganphillips@example.com,530-251-2521,Cybersecurity,4,2008-07-31
61,Jenna,Hodge,fburns@example.org,001-860-796-8574x51959,Physics,2,2005-12-10
62,Kevin,Stuart,knappbrandy@example.com,+1-328-217-4493x364,Physics,1,2023-09-28
63,Katie,Montoya,alexisberry@example.org,567.715.7383x05889,Cybersecurity,1,2018-12-04
64,Pamela,Morgan,woodsmichael@example.net,6817702963,Data Science,2,2023-12-08
65,David,Jensen,othomas@example.com,9414192596,Computer Science,1,2014-03-18
66,Laura,Daniels,jroberts@example.org,(861)461-9562x879,Computer Science,3,2012-04-30
67,William,Haas,rita27@example.net,+1-739-519-5140x1915,Electronics,2,2012-04-23
68,Joseph,Owen,zrobinson@example.com,+1-664-543-2363x46705,Software Engineering,4,2014-06-23
69,Samuel,Wilson,benjaminferguson@example.net,(662)521-4656,Software Engineering,1,2015-10-22
70,Christopher,Petersen,nramirez@example.net,267-680-3255,Physics,4,2014-09-14
71,Frederick,Soto,william87@example.net,(798)687-6125x748,Mechanical Engineering,1,2007-04-20
72,Alex,Livingston,petersdaniel@example.com,001-778-956-2799x76563,Cybersecurity,1,2012-10-28
73,Wendy,Murillo,brittanyhernandez@example.net,001-752-688-6210x045,Software Engineering,2,2021-04-12
74,Thomas,Cox,manningmichael@example.net,402-788-1879,Mathematics,1,2007-05-01
75,Andrew,Williams,monicabrennan@example.com,414.437.2855x68720,Electronics,4,2020-01-03
76,Bradley,Tucker,jeffrey55@example.net,864-562-4872,Computer Science,1,2021-01-05
77,Wesley,George,samanthalong@example.net,+1-239-911-3415x40414,Mathematics,1,2022-12-22
78,David,Ford,baileychristopher@example.net,+1-705-837-4656x9488,Cybersecurity,1,2005-06-10
79,Alan,Cook,revans@example.net,001-419-817-4687x17554,Mathematics,1,2006-10-05
80,Lisa,Marshall,tsanders@example.net,893.400.1629,AI & ML,2,2017-05-26
81,Jeffrey,Kim,robertward@example.com,240.524.9869x726,Electronics,1,2017-07-07
82,Joseph,Moody,brittney73@example.org,001-839-334-3680x089,AI & ML,2,2011-07-14
83,John,Kelly,kyle34@example.net,+1-833-533-5270,Physics,3,2023-06-03
84,Brian,Clark,vpeters@example.org,+1-935-652-7048x406,Computer Science,1,2009-04-23
85,Michelle,Lewis,melissa74@example.com,+1-876-751-6660x4426,Cybersecurity,2,2024-04-26
86,Andrea,Gibson,vpearson@example.net,573.863.5100x2249,Mechanical Engineering,1,2011-10-20
87,Katherine,Mosley,lisa41@example.org,001-349-464-5232x898,Mathematics,1,2010-10-05
88,Ryan,Burns,butlermichael@example.com,261.300.5786,Computer Science,4,2022-11-12
89,Christine,Patterson,bcollier@example.com,526-886-1158x303,Software Engineering,4,2011-08-26
90,Madeline,Mcdonald,mackenzie42@example.org,+1-554-359-7175,Physics,4,2017-12-31
91,Kyle,Green,sandersnicole@example.org,+1-523-746-5582x1132,Mathematics,2,2006-06-28
92,Joseph,Moore,carrillobryan@example.net,+1-267-895-6539x62755,AI & ML,1,2012-02-02
93,Cindy,Moreno,petersenvanessa@example.net,3385364147,Electronics,4,2006-04-30
94,William,Stout,nglover@example.net,317-370-9687,Cybersecurity,2,2009-10-19
95,Karen,Williams,bowmanangela@example.org,9854964011,Cybersecurity,2,2021-03-20
96,Angela,Woods,psmith@example.net,522-364-6758x5119,Electronics,4,2010-03-30
97,Brandi,Vargas,twillis@example.org,964-702-7924x8211,Physics,2,2021-07-09
98,Ronald,Gibson,tsmith@example.com,+1-284-460-7200x7014,Cybersecurity,1,2024-03-03
99,Brenda,Sanchez,rodriguezgregory@example.org,5864501033,Physics,3,2016-10-10
100,Brittany,Jackson,myersdouglas@example.org,322.755.6115,Computer Science,2,2017-04-03
101,Shane,Bishop,bassangela@example.net,774-630-6861x332,Electronics,1,2011-07-31
102,John,Davis,josephsmith@example.org,999.756.7018x25848,Software Engineering,1,2005-10-25
103,Megan,Meyers,hgreen@example.org,+1-563-747-6184x4838,Electronics,4,2010-06-19
104,Jean,Hicks,kevin07@example.org,(799)308-2296x4850,Computer Science,1,2013-11-30
105,Mark,Chen,foxtammy@example.net,5373833588,Mechanical Engineering,1,2024-03-25
106,Joseph,Rodriguez,thompsonchase@example.net,(216)801-2817x8404,Physics,4,2012-09-10
107,Kathleen,Johnson,kaitlyn05@example.org,(817)580-8685x95305,Mathematics,3,2014-10-23
108,Alicia,Johnston,amanda43@example.net,6063469383,Software Engineering,4,2007-11-15
109,Tiffany,Robinson,andrea11@example.org,861-882-1596,Software Engineering,1,2013-12-30
110,Connor,Summers,mcruz@example.com,(841)379-1882x64855,Electronics,2,2023-01-14
111,Mary,Ross,emily47@example.org,(654)727-0596,Physics,4,2006-06-27
112,Susan,Ward,hrivera@example.org,939.497.9344,Software Engineering,3,2013-09-24
113,Richard,Reese,ufernandez@example.net,(216)861-0532,Software Engineering,1,2022-07-06
114,Janice,Ochoa,tiffanycurtis@example.org,752.766.8431x30876,Physics,3,2024-11-02
115,Christian,Pacheco,elizabethmartinez@example.org,747-223-4006,Data Science,2,2011-11-10
116,Anna,Jacobs,pgibson@example.org,001-909-444-0894x433,AI & ML,1,2017-03-02
117,Hannah,Reid,boydclifford@example.com,(227)651-1444,Computer Science,3,2013-11-17
118,Edwin,Smith,ortizpaul@example.net,(681)200-8383,Cybersecurity,4,2024-07-22
119,Michelle,Johnson,watsonpatrick@example.org,594.541.9864x69567,Physics,1,2024-11-30
120,Kevin,Carter,gharris@example.org,909-472-7815x66913,Mechanical Engineering,4,2007-09-08
121,Kim,Price,nbuck@example.com,203-822-1171x0751,Mechanical Engineering,2,2017-03-26
122,Patrick,West,francis49@example.net,413.593.4801,Mechanical Engineering,3,2010-09-09
123,Jason,Herrera,icollins@example.org,796-460-1688,AI & ML,4,2017-03-12
124,Michael,Carroll,elizabethgordon@example.org,200.832.7320x6152,AI & ML,3,2017-01-10
125,Stacy,Anderson,gadams@example.net,(246)475-7198x89076,Data Science,4,2011-04-22
126,Jason,Davis,emily76@example.net,564.273.3374x157,Cybersecurity,3,2005-12-09
127,Katherine,Trujillo,nallen@example.org,(814)248-4947,Software Engineering,1,2015-08-31
128,Vanessa,Griffin,stevescott@example.com,538.273.8227x6285,Physics,2,2019-07-03
129,Brandon,Butler,philip32@example.com,+1-874-482-4995x15829,Mechanical Engineering,3,2013-04-05
130,Peter,Lang,scottsteven@example.com,923.928.6185,Computer Science,2,2021-05-17
131,Don,Green,andrea64@example.com,983.925.0434,Mathematics,3,2016-06-17
132,Julie,Weber,sarahtaylor@example.org,+1-654-427-4636,Cybersecurity,4,2016-11-26
133,Patricia,Smith,melanie72@example.com,+1-381-953-1920,Physics,3,2007-11-21
134,Patricia,Cunningham,kelly12@example.com,+1-682-929-5640x10591,Computer Science,1,2016-06-16
135,Catherine,Acosta,jonathanferguson@example.org,+1-851-487-3742x22783,Data Science,4,2011-04-19
136,Marie,Chen,nmiller@example.com,910-446-0877x812,Data Science,2,2020-10-18
137,Michael,Henry,amanda25@example.net,338.733.2689x9136,Cybersecurity,3,2023-11-17
138,Johnny,Fox,hunterjulie@example.org,+1-560-361-7397x3549,Software Engineering,3,2019-09-17
139,Sarah,Jackson,elizabeth24@example.net,001-870-593-1296x5739,Mechanical Engineering,1,2018-08-14
140,Daniel,Schmidt,wrightcatherine@example.org,001-985-454-8681x46082,Data Science,3,2011-09-20
141,Troy,Allen,williamholland@example.org,277-222-1675x9915,AI & ML,4,2008-06-12
142,Mary,Davis,udoyle@example.com,(396)218-5918x859,Software Engineering,1,2010-07-07
143,Marie,Cruz,mitchell22@example.net,+1-879-396-1267x11921,Physics,4,2018-12-03
144,April,Greene,agarrett@example.org,+1-508-535-5211x83831,Physics,2,2010-07-10
145,Cassidy,Bishop,bensoncrystal@example.org,287.245.5118x28646,Mathematics,3,2013-10-29
146,Shannon,Barry,gboone@example.org,584-977-2671,AI & ML,1,2018-12-11
147,James,Hardin,moralesdanielle@example.com,+1-591-991-2041,Electronics,2,2016-05-18
148,Lisa,Arnold,tammy92@example.net,001-311-377-7922x1183,AI & ML,2,2011-07-30
149,Michael,Jackson,emilywalker@example.com,(290)407-6899x912,Computer Science,2,2010-12-29
150,Donald,Wilson,zbrown@example.net,+1-980-946-4013,Cybersecurity,1,2021-07-08
151,Ashley,Wilson,jenniferwheeler@example.com,542.567.0243x245,Mechanical Engineering,1,2012-11-04
152,Erik,Gonzalez,uhuber@example.net,856-915-3150,Mechanical Engineering,1,2011-08-18
153,Adrienne,Williams,robertwilson@example.net,537-435-2355x98034,Data Science,4,2013-12-27
154,Joseph,Stephenson,amy83@example.net,001-954-850-6319,Mechanical Engineering,4,2013-06-14
155,Catherine,Lane,kdavis@example.org,001-387-611-6978,Data Science,1,2023-10-31
156,James,Johnson,jamesmitchell@example.org,(810)382-3673,Computer Science,4,2016-07-11
157,Bryan,Jackson,walterryan@example.com,(407)558-9496x8705,Mathematics,2,2012-05-23
158,Daniel,Cox,mcmahondenise@example.net,001-236-594-3894x41790,AI & ML,1,2012-11-10
159,Carrie,Arnold,jason85@example.net,(597)708-0257x756,Mechanical Engineering,3,2016-09-10
160,Jamie,Mitchell,brandon50@example.com,842-259-2378,Cybersecurity,1,2009-03-25
161,Brooke,Jones,barrysusan@example.org,647-779-9233x8672,Software Engineering,3,2009-04-25
162,Scott,Espinoza,romerolisa@example.net,(215)679-4083x9953,AI & ML,1,2021-07-28
163,Kimberly,Griffin,cardenasalicia@example.org,001-906-863-1871x838,Mechanical Engineering,1,2014-01-02
164,Summer,Hall,hannah69@example.org,3407198273,AI & ML,3,2008-09-23
165,Pamela,Griffin,xsilva@example.org,001-897-535-9646x4887,Mechanical Engineering,4,2006-05-26
166,Cynthia,Haynes,amiller@example.org,790.494.2946,Data Science,2,2012-10-05
167,Jennifer,Fernandez,jasoncasey@example.com,001-760-580-4426x2025,Data Science,3,2012-07-11
168,Andrew,Rivas,martineugene@example.org,2108552351,Computer Science,2,2006-06-11
169,William,Middleton,boltonangelica@example.org,706-687-7512,Electronics,2,2011-07-11
170,Emily,Davis,chadcohen@example.com,+1-697-212-4436x538,Physics,1,2010-05-04
171,Jason,Jackson,gregbrown@example.net,001-399-953-8095,Mathematics,3,2015-05-23
172,Robert,Martinez,dclements@example.org,+1-579-383-8787,AI & ML,3,2021-03-11
173,Chelsea,Bowman,barbara59@example.org,+1-484-680-0195x4386,Data Science,1,2019-05-20
174,Brandon,Cannon,waltonscott@example.org,001-506-504-6215x00092,AI & ML,2,2006-09-01
175,Brenda,Pierce,xbaldwin@example.com,316-941-4553,Physics,3,2017-01-01
176,Michelle,Kent,robertsonmichelle@example.org,(914)248-3552,AI & ML,1,2019-05-13
177,Jose,Sanchez,jamesthomas@example.com,443.589.4712x2447,Electronics,4,2005-04-02
178,Richard,Everett,parkermichael@example.com,680-371-1740x482,AI & ML,3,2020-09-27
179,Sabrina,King,donna49@example.com,+1-694-756-2487,Mathematics,4,2012-01-26
180,David,Cunningham,vbarnes@example.com,397.315.0848x36928,Computer Science,4,2020-07-28
181,Adam,Mason,bryantjon@example.org,+1-264-529-5877x27431,AI & ML,4,2006-05-27
182,Kimberly,Blackburn,nhubbard@example.com,+1-805-404-2729,Cybersecurity,1,2011-09-11
183,Mario,Conrad,onorman@example.net,+1-669-996-1564x750,Software Engineering,2,2019-04-27
184,Rebecca,Norris,andrewcrawford@example.com,398-506-7517x092,Computer Science,3,2020-11-13
185,David,Estrada,watsonjohn@example.net,536.221.1043,Software Engineering,4,2011-12-03
186,William,Huang,richalexander@example.com,001-546-862-1076x26051,Electronics,2,2010-04-09
187,Sheri,Farley,mirandajessica@example.net,6359397997,Software Engineering,1,2008-04-27
188,Marcus,Forbes,samantha45@example.net,515.512.5937x098,AI & ML,1,2005-02-22
189,Tammy,Bishop,kclark@example.org,551.257.3139x0037,Software Engineering,4,2014-10-07
190,Jerry,Benson,fryeelizabeth@example.org,001-320-785-9664x828,Data Science,1,2018-07-16
191,Tyler,Burnett,nwoods@example.net,697-824-3560x54276,Cybersecurity,1,2020-08-01
192,Phillip,Campbell,hollowaykyle@example.net,259.657.1229,Software Engineering,2,2015-01-10
193,Kevin,Lozano,sarah25@example.org,607-785-2640x3837,Electronics,1,2014-08-05
194,Felicia,Nelson,vrivera@example.org,+1-798-895-7215x02611,Data Science,3,2016-06-19
195,Roy,Brock,bellnicolas@example.com,575.766.4401,Electronics,3,2006-09-13
196,Jason,Jenkins,ryan12@example.com,397-909-4323,Electronics,2,2016-12-24
197,Kim,Rogers,carlzimmerman@example.org,255.655.1418x20325,Mechanical Engineering,2,2005-07-16
198,Denise,Hunt,brendajones@example.org,756-384-2966,Mathematics,1,2019-03-08
199,Christopher,Greene,cheryl81@example.org,2488332956,AI & ML,3,2024-09-22
200,Lawrence,Perez,zfigueroa@example.net,001-977-430-7248x76373,Physics,2,2021-02-18
